,,,,
,Motorcycle Fleet Sales Price Ledger,,,
,,,,
,Brand,Model,Sales Price,Type (PDF Guide)
,ARIIC,318GT,"RM22,888.00",BIG BIKE
,ARIIC,GOBI 250,"RM13,988.00",BIG BIKE
,ARIIC,TOUCH 250,,BIG BIKE
,BENDA,NAPOLEON BOB 250,"RM20,888.00",BIG BIKE
,BENDA,CHINCHILLA 500,"RM27,888.00",SUPERBIKE
,BENDA,DARK FLAG 500,"RM39,888.00",SUPERBIKE
,BENDA,NAPOLEON BOB 500,"RM27,888.00",SUPERBIKE
,BENDA,LFC700 PRO,"RM48,888.00",SUPERBIKE
,BENELLI,PANAREA 125,"RM6,988.00",MOPED
,BENELLI,VIZY 125,"RM4,988.00",MOPED
,BENELLI,IMPERIALE 400 SE (N1),"RM17,888.00",BIG BIKE
,BRIXTON,CROSSFIRE 150XS,"RM8,888.00",MOPED
,BRIXTON,STORR 500,"RM29,888.00",SUPERBIKE
,BRIXTON,625V,"RM26,888.00",SUPERBIKE
,BRIXTON,CROMWELL 1200,"RM55,888.00",SUPERBIKE
,CFMOTO,PAPIO RACER 125,"RM8,888.00",MOPED
,CFMOTO,250 DUAL LITE,"RM9,888.00",BIG BIKE
,CFMOTO,250NK LITE,"RM9,888.00",BIG BIKE
,CFMOTO,250SR LITE,"RM9,988.00",BIG BIKE
,CFMOTO,450SR (N2),"RM25,888.00",BIG BIKE
,CFMOTO,450CL-C,"RM25,888.00",BIG BIKE
,CFMOTO,450MTX(N1),"RM29,888.00",BIG BIKE
,CFMOTO,450NK,"RM23,888.00",BIG BIKE
,CFMOTO,500SR VROOM,"RM35,888.00",SUPERBIKE
,CFMOTO,675NK,"RM33,888.00",SUPERBIKE
,CFMOTO,675SR-R,"RM37,888.00",SUPERBIKE
,CFMOTO,700CL-X HERITAGE,"RM30,300.00",SUPERBIKE
,CFMOTO,700CL-X SPORT,"RM33,800.00",SUPERBIKE
,CFMOTO,700CL-X ADV,"RM35,888.00",SUPERBIKE
,CFMOTO,700MT,"RM33,888.00",SUPERBIKE
,CFMOTO,750SR-S,"RM41,888.00",SUPERBIKE
,CFMOTO,800MT EXPLORE,"RM57,800.00",SUPERBIKE
,CFMOTO,800MT-X,"RM48,888.00",SUPERBIKE
,CFMOTO,800 NK,"RM38,888.00",SUPERBIKE
,CFMOTO,1000MT-X,"RM51,888.00",SUPERBIKE
,CFMOTO,1250TR-G,"RM88,888.00",SUPERBIKE
,CYCLONE,RA600,"RM25,888.00",SUPERBIKE
,EZI,TS1,"RM4,788.00",EV
,EZI,RAY-01,"RM4,688.00",EV
,KAMAX,SUPER PRO 125,"RM8,888.00",MOPED
,KAMAX,SUPER PRO 125 SE,"RM9,188.00",MOPED
,KEEWAY,RKR 250,"RM13,888.00",BIG BIKE
,KEEWAY,250CL-X,"RM16,888.00",BIG BIKE
,KEEWAY,BX2001,"RM7,988.00",MOPED
,KEEWAY,BX2001 SE,"RM8,138.00",MOPED
,KEEWAY,CAFÉ RACER 152,"RM6,888.00",MOPED
,KEEWAY,K-LIGHT 202,"RM9,088.00",MOPED
,KEEWAY,SIXTIES 250,"RM13,888.00",BIG BIKE
,KEEWAY,XDV180 EVO,"RM9,388.00",MOPED
,KTNS,TT CLASSIC 150,"RM6,888.00",MOPED
,MBP,T502X,"RM28,888.00",SUPERBIKE
,MBP,C1002V,"RM56,888.00",SUPERBIKE
,MBP,T1002VX,"RM48,888.00",SUPERBIKE
,MORBIDELLI,SC200SR,"RM7,988.00",MOPED
,MORBIDELLI,T250,"RM7,988.00",BIG BIKE
,MORBIDELLI,T250X,"RM8,988.00",BIG BIKE
,MORBIDELLI,F252,"RM14,888.00",BIG BIKE
,MORBIDELLI,T252X,"RM16,888.00",BIG BIKE
,MOTO MORINI,ALLTRHIKE 450,"RM28,888.00",BIG BIKE
,MOTO MORINI,X-CAPE 700,"RM33,888.00",SUPERBIKE
,MOTO MORINI,SEIEMMEZZO 650 CSR,"RM33,888.00",SUPERBIKE
,MOTO MORINI,CALIBRO 700,"RM35,888.00",SUPERBIKE
,MOTO MORINI,X-CAPE 1200,"RM51,888.00",SUPERBIKE
,QJ MOTOR,SRK450RR,"RM25,888.00",BIG BIKE
,QJ MOTOR,SVT650X,"RM35,888.00",SUPERBIKE
,QJ MOTOR,SRV600V,"RM33,888.00",SUPERBIKE
,QJ MOTOR,SRV700,"RM33,888.00",SUPERBIKE
,QJ MOTOR,SRK600 RC,"RM39,888.00",SUPERBIKE
,QJ MOTOR,AX200S,"RM7,988.00",MOPED
,QJ MOTOR,ATX250,"RM12,388.00",BIG BIKE
,QJ MOTOR,ATX250X,"RM13,988.00",BIG BIKE
,QJ MOTOR,SRK250S,"RM8,988.00",BIG BIKE
,QJ MOTOR,SRK250R,"RM9,988.00",BIG BIKE
,QJ MOTOR,LTR 150 (N1),"RM8,988.00",MOPED
,QJ MOTOR,E-LTR (EV),"RM7,499.00",EV
,QJ MOTOR,SRK250,"RM14,888.00",BIG BIKE
,QJ MOTOR,SRK250RR,"RM16,888.00",BIG BIKE
,QJ MOTOR,SRK250RD,"RM21,888.00",BIG BIKE
,QJ MOTOR,SRV250 AMT,"RM17,888.00",BIG BIKE
,QJ MOTOR,FORT 350,"RM23,888.00",BIG BIKE
,SM SPORT,SM SPORT 110E (N2),"RM4,049.00",MOPED
,SM SPORT,SM SPORT 110R (N3),"RM4,199.00",MOPED
,SYM,ADXTG 400,"RM29,888.00",BIG BIKE
,SYM,HUSKY 200,"RM10,988.00",MOPED
,SYM,NAGA 155,"RM8,888.00",MOPED
,SYM,VFE185I,"RM9,988.00",MOPED
,SYM,CRUISYM 400,"RM27,888.00",BIG BIKE
,VOGE,FORMICA ROSSA 150,"RM8,888.00",MOPED
,VOGE,SR3,"RM15,888.00",BIG BIKE
,VOGE,CU525,"RM29,888.00",SUPERBIKE
,VOGE,DS900X,"RM49,998.00",SUPERBIKE
,WMOTO,CUB CLASSIC(N1),"RM4,688.00",MOPED
,WMOTO,CRUISER AMT 125,"RM5,988.00",MOPED
,WMOTO,EZ125I,"RM4,588.00",MOPED
,WMOTO,GEMMA 125,"RM6,988.00",MOPED
,WMOTO,GRIFFIN 205,"RM8,888.00",MOPED
,WMOTO,NEXY+180 PRO,"RM9,288.00",MOPED
,WMOTO,SM125I,"RM5,888.00",MOPED
,WMOTO,XTREME 150I (N1),"RM10,988.00",MOPED
,WMOTO,XTREME 150I SE (N1),"RM11,288.00",MOPED
,WMOTO,ISLAND 150,"RM6,688.00",MOPED
,WMOTO,NX150S,"RM6,688.00",MOPED
,WMOTO,HAWK 200,"RM7,888.00",MOPED
,WMOTO,RT1,"RM9,888.00",MOPED
,WMOTO,RT2,"RM16,888.00",BIG BIKE
,WMOTO,ES250I(N1),"RM14,508.00",BIG BIKE
,WMOTO,BOBBIE 450S,"RM19,888.00",BIG BIKE
,WMOTO,BOBBIE VII,"RM35,888.00",SUPERBIKE
,WMOTO,BOBBIE VII 3 WHEELER,"RM46,888.00",SUPERBIKE
,X-WEDGE,RANGER RX2000,"RM68,888.00",SUPERBIKE
,X-WEDGE,ROVER RL2000,"RM98,888.00",SUPERBIKE
,X-WEDGE,ROVER RL2000S,"RM95,888.00",SUPERBIKE
,X-WEDGE,VANGUARD VT2000,"RM148,888.00",SUPERBIKE
,X-WEDGE,WALKER WR1000,"RM78,888.00",SUPERBIKE
,YADEA,GT20,"RM5,498.00",EV
,YADEA,RS20(ORIS),"RM5,498.00",EV
,YADEA,VELAX,"RM7,799.00",EV
,ZEEHO,AE4,"RM7,499.00",EV
,ZEEHO,AE8S+,"RM19,388.00",EV