機車車牌 (vehicle no),品牌 (brand),機車型號 (model),製造年份 (MYear),買入價格 (Total Cost),顏色 (colour),買入日期 (purchase date)
JGY 1675,COMEL,JR-125Z STORM,2003,"1,258.45",BLACK,15-03-2007
JHB 879,COMEL-QUEST,JD-125R QUEST,2003,"1,049.40",BLACK,25-10-2016
JRR 6935,DEMAK,DJ,2014,"3,132.20",BLUE,13-09-2017
JRP 1458,MODENAS,DINAMIK AS120C-AIMY,2015,"2,894.83",YELLOW,14-01-2019
JQY 1862,MODENAS,DINAMIK AS120C-AIMY,2015,"8,431.63",RED,14-05-2019
JSC 2478,MODENAS,DINAMIK AS120C-AIMY,2015,"8,849.48",BLUE,19-09-2019
JJD 1214,YAMAHA,NOUVO S,2005,"4,957.30",WHITE,29-11-2019
JST 2766,HONDA,NBC110MD,2013,"3,570.00",RED,01-09-2020
JQL 3909,HONDA,AFS125MCR,2014,"2,522.50",BLUE,07-11-2020
JRT 8459,MODENAS,DINAMIK AS120C-AIMY,2015,"4,006.15",BLUE,19-12-2020
WC 9331,YAMAHA,NMAX,2016,"4,740.00",TGREY,02-02-2021
JME 4134,YAMAHA,NOUVO S,2010,"1,623.60",BLACK,24-05-2021
JNY 1485,YAMAHA,EGO S,2012,"2,400.00",RED,27-05-2021
JPG 3009,HONDA,AFS125MCS (CAST FRDISK,2012,"3,178.10",BLACK,20-09-2021
JKT 4833,YAMAHA,EGO S,2007,"2,734.70",BLACK,17-11-2021
JQR 6816,YAMAHA,LAGENDA 115Z (K),2014,"2,488.80",ORANGE,10-01-2022
JNW 4636,HONDA,CBR250RB (MA),2012,"10,000.00",BLACK,30-01-2022
JVE 4319,HONDA,AFP110MCRE,2014,"2,300.00",RED,18-04-2022
JUQ 6155,HONDA,FS150FL,2021,"10,905.00",BLUE,22-04-2022
NDE 7581,HONDA,AFP110MCSE DASH,2015,"1,500.00",BLACK,30-04-2022
VEQ 9130,HONDA,FS150FL,2020,"5,000.00",ORANGE,05-09-2022
JLV 8082,YAMAHA,EGO S,2009,"2,531.50",BLACK,06-09-2022
MCS 8341,HONDA,AFP110MCSE DASH,2015,"1,650.00",BLACK,03-10-2022
JNL 9263,YAMAHA,LAGENDA 115Z (E),2012,"1,567.50",BLUE,12-12-2022
JRR 1936,KAWASAKI,EX250-L NINJA 250,2016,"8,920.30",GREEN,14-12-2022
JUY 4666,WMOTO,XTREME150I,2021,"6,800.00",GREY,18-01-2023
MDK 7392,BENELLI,VZ125i,2021,"3,100.00",RED,25-02-2023
VEU 7428,HONDA,FS150FL2,2020,"5,000.00",BLUE,04-03-2023
JMD 3382,HONDA,AFX110CS,2010,"2,041.40",BLACK,21-03-2023
CDM 158,HONDA,AFP110MCRE,2014,"2,250.00",BLACK,29-03-2023
JUX 6830,WMOTO,ES125 STD,2021,"5,499.00",RED,01-04-2023
JLX 1057,HONDA,C100,2009,"2,000.00",BLUE,14-04-2023
NDP 9504,HONDA,AFS125MCSH,2019,"3,066.80",BLACK,15-04-2023
JPV 8625,YAMAHA,EGO LC,2013,"2,000.00",BLACK,26-04-2023
JVL 6512,SM SPORT,110R,2022,"2,893.50",BLACK,16-05-2023
JQT 4177,HONDA,AFP110MCRE,2015,"1,539.50",BLACK,19-05-2023
JUK 4890,HONDA,FS150FL3,2020,"5,781.00",BLUE,27-05-2023
JUW 7574,SYM,JET X 150,2021,"6,300.00",GREY,27-06-2023
JSJ 6793,YAMAHA,EGO'S,2017,"1,316.00",RED,07-07-2023
JSM 5640,HONDA,RS150 REPSOL,2017,"4,500.00",ORANGE,21-07-2023
JTQ 5663,SM SPORT,110R,2019,"2,000.00",BLUE,21-08-2023
JTH 8544,BENELLI,VZ125i,2019,"5,500.00",RED,17-11-2023
VGB 1522,HONDA,ACB150CBTK3 VARIO REPS,2021,"4,086.00",BLACK A (G,18-11-2023
JUX 7370,SM SPORT,110R,2021,"3,209.00",BLACK,23-11-2023
JQC 5534,YAMAHA,135LC,2014,"3,358.00",RED,25-11-2023
JTT 6499,SM SPORT,110R,2019,"2,051.00",BLACK,28-11-2023
JTH 2792,HONDA,AFP125CSFK,2018,"3,718.00",BLACK,01-12-2023
JPE 6504,YAMAHA,LAGENDA 115ZRI,2013,"5,628.00",BLUE,27-12-2023
JWK 5102,WMOTO,ES250i,2022,"4,000.00",RED,30-12-2023
PNU 8532,HONDA,RS150 REPSOL,2018,"3,000.00",ORANGE,16-01-2024
JVM 4766,WMOTO,VE1-110E,2022,"4,723.00",BLACK,18-01-2024
JLP 2572,YAMAHA,EGO S,2009,"1,104.00",RED,24-01-2024
JTQ 1492,HONDA,AFP125CSFK,2019,"4,319.00",BLACK,30-01-2024
JRF 381,KAWASAKI,EX250L,2015,"3,162.00",GREEN,05-03-2024
JPM 8187,HONDA,"AFS125MS(SPOCK,FRDISK/",2013,"1,989.00",RED,20-04-2024
BPF 4342,YAMAHA,Y15ZR,2017,"5,383.50",RED,26-06-2024
JKX 8550,YAMAHA,EGO,2008,"1,367.00",BLACK,22-07-2024
SU 9125F,HONDA,FS150FL,2020,"4,850.00",BLACK,26-07-2024
JPP 4218,YAMAHA,EGO S,2013,"2,369.50",RED,29-08-2024
JTF 3560,HONDA,FS150FJ,2019,"3,500.00",BLUE,23-09-2024
MBU 2240,YAMAHA,NOUVO S,2009,"2,383.30",RED,01-11-2024
VKL 9767,WMOTO,ES250i,2022,"5,000.00",RED,14-11-2024
JVP 9020,WMOTO,F-15I,2021,"4,460.00",BLUE,23-11-2024
JSV 1910,MODENAS,DOMINAR-D400 DM400,2018,"5,045.00",BLACK,27-11-2024
JUE 4572,HONDA,RS150R,2020,"3,708.60",RED,21-12-2024
JX 1339,SUZUKI,FR 80,1977,254.30,BLUE,22-01-2025
JLK 6194,YAMAHA,EGO S,2008,"1,574.50",RED,24-01-2025
JTU 4782,YAMAHA,Y15ZR,2019,"4,656.50",GREY,24-03-2025
JJQ 4882,YAMAHA,EGO,2006,"2,578.00",BLACK,21-04-2025
JNB 4082,YAMAHA,EGO LC,2011,"1,000.00",RED,30-04-2025
JVH 3902,HONDA,RS150R,2022,"4,000.00",RED,02-05-2025
ANK 2630,WMOTO,RT1,2024,"5,000.00",BLUE,24-05-2025
JXQ 7170,YAMAHA,Y16ZR ABS,2024,"8,700.00",GREEN,29-05-2025
JKS 4031,YAMAHA,EGO S,2007,"3,365.00",BLACK,05-06-2025
WVQ 6582,YAMAHA,NOUVO LC,2011,"1,000.00",BLACK,06-06-2025
JTE 3782,HONDA,ACB150CBTK,2019,"2,500.00",ORANGE,28-06-2025
WJB 3120,SUZUKI,AN125,2000,300.00,YELLOW,10-07-2025
JTS 4177,HONDA,RS150 REPSOL,2017,"1,800.00",BLACK,23-07-2025
JTT 4870,SYM,VF3I 185,2019,"1,500.00",BLACK,06-09-2025
JUY 8152,BENELLI,150S,2021,"6,026.40",BLACK,01-11-2025
JEF 9625,HONDA,C100,1996,"5,234.30",BLACK,01-11-2025
NDY 2713,WMOTO,F-15I,2021,"5,686.00",BLACK,01-11-2025
JSJ 5502,YAMAHA,NVX,2017,"9,673.46",BLUE,01-11-2025
JWN 6496,SYM,JET X 150 SE,2023,"4,500.00",MATT BLUE,13-11-2025
JVE 8040,SYM,JET X 150,2022,"4,000.00",RED,20-11-2025
MCQ 136,YAMAHA,135LC,2014,"5,464.90",KELABU,05-12-2025
JUV 1085,HONDA,VARIO 150 ACB150CBT,2021,"2,656.30",RED,10-12-2025
JPM 312,HONDA,AFS125MCS (CAST FRDISK,2013,"1,000.00",RED,19-12-2025
JTY 576,YAMAHA,EGO AVANTIZ,2020,"3,013.00",GREEN,19-12-2025
JQJ 4582,YAMAHA,FZ150I (S),2014,"2,523.00",BLACK,26-12-2025
JQN 4572,YAMAHA,NOUVO LC,2014,"2,425.50",RED,05-01-2026
JKQ 873,YAMAHA,EGO S,2007,800.00,BLACK,06-01-2026
MBX 5976,HONDA,C100,2010,"2,000.00",BLACK (B),15-01-2026
JUC 8580,MODENAS,DOMINAR-D400 DM400,2019,"4,000.00",BLACK,22-01-2026
JTL 6242,HONDA,ACB150CBTK,2019,"3,538.20",YELLOW,28-01-2026
JHP 406,YAMAHA,EGO,2004,700.00,BLACK,31-01-2026
TCH 7186,HONDA,RS150R,2021,"3,006.00",BLACK,02-02-2026
JUB 9466,SYM,VF3i185LE,2020,"3,000.00",BLACK,04-02-2026
JST 1694,KAWASAKI,KLE250-C,2017,"6,800.00",GREEN,05-02-2026
AMA 6778,HONDA,FS150FL2,2021,"3,546.00",ORANGE,10-02-2026
JXQ 1851,YAMAHA,Y15ZR,2024,"6,500.00",GREY,10-02-2026
RAE 4621,YAMAHA,Y15ZR,2020,"2,975.00",BLUE,15-02-2026
JLT 5355,YAMAHA,135LC,2009,"1,300.00",BLACK,27-02-2026
VDS 3152,YAMAHA,Y15ZR,2019,"5,458.50",GREY,28-02-2026
JUM 6147,YAMAHA,Y15ZR,2021,"4,509.00",BLACK,03-03-2026
JRF 2104,KAWASAKI,EX250-L NINJA 250,2015,"4,000.00",GREEN,12-03-2026
JXN 5082,ZONTES,ZT-350T E,2024,"10,425.27",MATT BLACK,18-03-2026
JLM 5147,YAMAHA,EGO S,2009,"1,300.00",BLUE,24-03-2026
JNA 313,HONDA,ACH110CBFK,2019,"2,000.00",BLUE,25-03-2026
BLQ 5234,YAMAHA,EGO LC,2012,500.00,RED,03-04-2026
VNF 5243,WMOTO,RT3 S,2023,"6,233.62",GREEN,07-04-2026
JVD 5972,SYM,JET X 150,2022,"3,052.00",YELLOW,11-04-2026
KFR 8064,HONDA,BEAT,2023,"2,005.95",YELLOW,30-04-2026
JWA 5784,HONDA,RS-X FS150FA2,2023,"3,919.60",RED,06-05-2026
SS 8473,SYM,EVO 250i,2011,"1,300.00",PRED,06-05-2026
JQT 8691,SYM,VTS 200,2015,"1,300.00",BLACK,06-05-2026
JWT 2327,WMOTO,ES125 SE,2023,"1,568.14",GREEN,14-05-2026
JLR 6793,SUZUKI,SMASH REVO SD,2009,500.00,BLACK (B),16-05-2026
VHD 6337,SYM,JET X 150,2021,"2,963.67",RED,21-05-2026
MCL 6079,SYM,T2 250,2013,800.00,WHITE,23-05-2026
JUA 7518,SYM,VF3I 185 (N2),2020,"2,275.32",GOLD,04-06-2026
BKY 2907,YAMAHA,LAGENDA 115ZRI,2010,"1,000.00",RED,12-06-2026
JWD 7945,MODENAS,KARISMA SN125Z,2022,"3,293.00",BLUE,13-06-2026
JVP 3524,BENELLI,TRK251 SE (N1),2022,"3,734.78",BLACK (B),11-07-2026
MDH 9985,YAMAHA,135LC,2021,"2,500.00",BLUE,03-08-2026
JNG 3023,YAMAHA,EGO LC,2010,"1,000.00",BLACK (B),05-08-2026
JQT 4327,YAMAHA,LAGENDA 115Z (K),2013,"1,165.00",WHITE,07-08-2026